{
  "experiment_id": "hd_ddpg_exp_20250725_120721",
  "total_episodes": 50,
  "total_training_time": 51.51286506652832,
  "average_reward": 306.09048329858865,
  "final_metrics": {
    "avg_makespan": 2.2551784907045103,
    "avg_load_balance": 0.4828152603982001,
    "success_rate": 1.0
  },
  "episode_rewards": [
    347.16836586533503,
    269.527170109477,
    302.4341080244136,
    362.96317284866325,
    306.7454412236734,
    349.95056385266946,
    347.21486003875305,
    341.97863523990907,
    251.76607703042214,
    364.9464774622239,
    289.58608448199993,
    307.8358691518996,
    349.9719579456472,
    299.35177602364024,
    297.555011736494,
    292.8995033060432,
    369.4605312263714,
    255.89862427665042,
    209.32600339391612,
    315.12667681400717,
    218.54726472664555,
    261.55697917937187,
    367.91518994119747,
    347.5214101846128,
    310.9088839484598,
    302.35004428574706,
    361.29192934001475,
    293.7884074441262,
    331.53286410867526,
    372.45024573560573,
    309.52999857404825,
    286.06326961609045,
    341.3597519742305,
    266.9176716801935,
    290.27910977245904,
    385.10637043097654,
    261.49910174666326,
    221.74483451174177,
    356.9021968301475,
    247.4541108432418,
    331.5984841405663,
    286.1135154022634,
    338.9648498279587,
    291.6026066759491,
    224.20654105961492,
    305.11575647263305,
    273.79719627838847,
    313.6711341410478,
    311.317150470914,
    261.71038553363655
  ],
  "training_summary": {
    "total_episodes": 50,
    "average_reward_recent_100": 306.09048329858865,
    "average_makespan_recent_100": 2.2551784907045103,
    "average_load_balance_recent_100": 0.4828152603982001,
    "training_history": {
      "meta_critic_loss": [
        40.50858688354492,
        38.731170654296875,
        36.064491271972656,
        38.327613830566406,
        38.544578552246094,
        35.78362274169922,
        39.064849853515625,
        39.51472854614258,
        36.76279067993164,
        37.84505081176758,
        39.06941223144531,
        36.525142669677734,
        37.58838653564453,
        38.851898193359375,
        37.242881774902344,
        36.946372985839844,
        36.558555603027344,
        37.43756866455078,
        37.027217864990234,
        35.25813674926758,
        36.09986877441406,
        34.803131103515625,
        34.95175552368164,
        33.30815124511719,
        33.69235610961914,
        34.089744567871094,
        35.13518524169922,
        34.297637939453125,
        33.788909912109375,
        34.249481201171875,
        33.52836227416992,
        33.78700637817383,
        32.51788330078125,
        32.30022048950195,
        31.78150177001953,
        32.765743255615234,
        31.55779457092285,
        30.152667999267578,
        29.65727996826172,
        30.514448165893555,
        29.355060577392578,
        29.368253707885742,
        30.873977661132812,
        27.912368774414062,
        28.147872924804688,
        29.541767120361328,
        28.07492446899414,
        27.20176124572754,
        25.764965057373047,
        26.329452514648438
      ],
      "meta_actor_loss": [
        -0.053274523466825485,
        -0.06535685062408447,
        -0.08415727317333221,
        -0.09933088719844818,
        -0.11549560725688934,
        -0.11441975831985474,
        -0.1535128504037857,
        -0.15489251911640167,
        -0.17342647910118103,
        -0.19910100102424622,
        -0.20103159546852112,
        -0.22020922601222992,
        -0.2340538054704666,
        -0.257525235414505,
        -0.28052228689193726,
        -0.28590449690818787,
        -0.3204934895038605,
        -0.32413360476493835,
        -0.34217536449432373,
        -0.36492279171943665,
        -0.37068185210227966,
        -0.4058207869529724,
        -0.43657344579696655,
        -0.4400567412376404,
        -0.48036298155784607,
        -0.48934441804885864,
        -0.5232007503509521,
        -0.5415703058242798,
        -0.5746645331382751,
        -0.6045554876327515,
        -0.629934549331665,
        -0.6106154918670654,
        -0.6766587495803833,
        -0.7005801200866699,
        -0.7503691911697388,
        -0.7843586206436157,
        -0.7746090292930603,
        -0.8206755518913269,
        -0.8778475522994995,
        -0.9425399899482727,
        -0.9528974890708923,
        -0.9942572712898254,
        -1.022308111190796,
        -1.0725054740905762,
        -1.1294817924499512,
        -1.154524564743042,
        -1.1680235862731934,
        -1.2878165245056152,
        -1.3675847053527832,
        -1.362036943435669
      ],
      "sub_critic_losses": {
        "FPGA": [],
        "FOG_GPU": [],
        "CLOUD": []
      },
      "sub_actor_losses": {
        "FPGA": [],
        "FOG_GPU": [],
        "CLOUD": []
      },
      "episode_rewards": [
        347.16836586533503,
        269.527170109477,
        302.4341080244136,
        362.96317284866325,
        306.7454412236734,
        349.95056385266946,
        347.21486003875305,
        341.97863523990907,
        251.76607703042214,
        364.9464774622239,
        289.58608448199993,
        307.8358691518996,
        349.9719579456472,
        299.35177602364024,
        297.555011736494,
        292.8995033060432,
        369.4605312263714,
        255.89862427665042,
        209.32600339391612,
        315.12667681400717,
        218.54726472664555,
        261.55697917937187,
        367.91518994119747,
        347.5214101846128,
        310.9088839484598,
        302.35004428574706,
        361.29192934001475,
        293.7884074441262,
        331.53286410867526,
        372.45024573560573,
        309.52999857404825,
        286.06326961609045,
        341.3597519742305,
        266.9176716801935,
        290.27910977245904,
        385.10637043097654,
        261.49910174666326,
        221.74483451174177,
        356.9021968301475,
        247.4541108432418,
        331.5984841405663,
        286.1135154022634,
        338.9648498279587,
        291.6026066759491,
        224.20654105961492,
        305.11575647263305,
        273.79719627838847,
        313.6711341410478,
        311.317150470914,
        261.71038553363655
      ],
      "makespans": [
        2.470852080733375,
        2.487757069799367,
        2.614689580640323,
        2.3239050497499463,
        2.5011990944798783,
        2.341928430369477,
        2.4043501316501374,
        2.111291964987513,
        1.7023377180399308,
        1.9659592320484989,
        1.7697284747640947,
        1.721418180332878,
        2.0402727760453274,
        2.0540349444651134,
        2.5168178834847987,
        1.7920545512305999,
        2.2177777867664332,
        2.302462239991704,
        1.981333807814669,
        2.4369125643217453,
        1.587755116635653,
        2.4344859257337017,
        2.7392518539374,
        2.856221762946568,
        2.002987449320938,
        1.8789016441045543,
        2.5560136591446354,
        2.780297109006102,
        2.3401056405909424,
        3.3344258151606674,
        2.2944000783186396,
        2.3322734857888507,
        2.8924702354530787,
        2.0859717769304322,
        2.53672780973049,
        2.4367529675170134,
        1.9186813567233116,
        1.6382341345906135,
        2.8576575425356374,
        2.0820456025897807,
        2.8132704137698257,
        1.8795509991529387,
        2.8879885604649,
        1.5609889716767285,
        2.0137771873391888,
        2.1233763792568605,
        2.1845844676309314,
        1.7905011894017917,
        2.3753754351865766,
        1.7867664028709431
      ],