episode,reward,makespan,load_balance
1,2.6995230416660085,inf,0.47149089173393977
