{
  "experiment_id": "hd_ddpg_exp_20250724_221658",
  "total_episodes": 10,
  "total_training_time": 9.592312812805176,
  "average_reward": 50.0,
  "final_metrics": {
    "avg_makespan": 3.091364937217109,
    "avg_load_balance": 0.5404646486007014,
    "success_rate": 1.0
  },
  "episode_rewards": [
    50.0,
    50.0,
    50.0,
    50.0,
    50.0,
    50.0,
    50.0,
    50.0,
    50.0,
    50.0
  ],
  "training_summary": {
    "total_episodes": 10,
    "average_reward_recent_100": 50.0,
    "average_makespan_recent_100": 3.091364937217109,
    "average_load_balance_recent_100": 0.5404646486007014,
    "training_history": {
      "meta_critic_loss": [
        0.5736030340194702,
        0.5552301406860352,
        0.46763312816619873,
        0.3904975950717926,
        0.4850432872772217,
        0.48919379711151123,
        0.2902967929840088,
        0.27547648549079895,
        0.29598307609558105,
        0.4030662178993225
      ],
      "meta_actor_loss": [
        0.07887402176856995,
        0.060162849724292755,
        0.028946343809366226,
        0.021492870524525642,
        -0.011064101941883564,
        -0.018460217863321304,
        -0.055769097059965134,
        -0.0929693654179573,
        -0.09285345673561096,
        -0.09620307385921478
      ],
      "sub_critic_losses": {
        "FPGA": [],
        "FOG_GPU": [],
        "CLOUD": []
      },
      "sub_actor_losses": {
        "FPGA": [],
        "FOG_GPU": [],
        "CLOUD": []
      },
      "episode_rewards": [
        50.0,
        50.0,
        50.0,
        50.0,
        50.0,
        50.0,
        50.0,
        50.0,
        50.0,
        50.0
      ],
      "makespans": [
        2.851012812568,
        2.7361525712598644,
        3.746117818265341,
        3.0032823255974708,
        2.967183015483687,
        3.4062559913064527,
        3.0303083653319445,
        3.252623015144514,
        2.6643569969782863,
        3.256356460235525
      ],
      "load_balances": [
        0.5034554018696136,
        0.5389478087024755,
        0.537638161117601,
        0.5492239022039488,
        0.5532987850153364,
        0.56470221440629,
        0.5398041086017212,
        0.5278840426305212,
        0.5065697890793056,
        0.5831222723802015
      ]
    }
  }
}