{
  "HD-DDPG": {
    "avg_makespan": 2.096634597737968,
    "std_makespan": 0.8137632897898024,
    "avg_load_balance": 0.47176504173667105,
    "std_load_balance": 0.06240884424474864,
    "avg_energy": 1002.6995417225643,
    "std_energy": 458.7816172429537
  },
  "HEFT": {
    "avg_makespan": 0.1570665190235217,
    "std_makespan": 0.03301913424186892,
    "avg_load_balance": 0.2898979485566356,
    "std_load_balance": 4.154074181055225e-17,
    "avg_energy": 1679.3497432285014,
    "std_energy": 607.6602562030048
  },
  "FCFS": {
    "avg_makespan": 0.7484349910151963,
    "std_makespan": 0.1768005384229126,
    "avg_load_balance": 0.28989794855663564,
    "std_load_balance": 4.0029660424867215e-17,
    "avg_energy": 151.95798441476612,
    "std_energy": 38.84432041714512
  },
  "Random": {
    "avg_makespan": 0.6389069451228591,
    "std_makespan": 0.28332235555324664,
    "avg_load_balance": 0.4780417990652438,
    "std_load_balance": 0.07745400099703559,
    "avg_energy": 1008.2739495622892,
    "std_energy": 398.22027866581925
  }
}