{
  "experiment_id": "hd_ddpg_exp_20250724_224315",
  "total_episodes": 100,
  "total_training_time": 156.49106979370117,
  "average_reward": 620.8612536703018,
  "final_metrics": {
    "avg_makespan": 2.356284841907828,
    "avg_load_balance": 0.4883943230471489,
    "success_rate": 1.0
  },
  "episode_rewards": [
    637.4622969911537,
    556.6344664115517,
    658.3492302517018,
    640.4611580404459,
    671.0494817737824,
    642.9162092867542,
    576.767623541912,
    555.8347331263196,
    631.3065324743101,
    623.9211954205057,
    597.2262188865952,
    556.3366301041492,
    563.0058530708366,
    559.994466458463,
    613.0695433665044,
    599.2427811151177,
    704.6074657890157,
    613.5782272392231,
    666.9464209702114,
    635.6006784022212,
    582.6844986298979,
    633.7423988441392,
    641.4451107745273,
    482.13823148456254,
    629.5974387366997,
    589.3466691766275,
    723.7864691287618,
    749.7103389606585,
    593.0495542581964,
    594.9243424090192,
    536.9150869354071,
    690.14939770756,
    569.4974149043387,
    636.1389766199904,
    638.4773687917832,
    588.3626712169714,
    607.8340757276663,
    642.6571043147283,
    716.9138043442067,
    522.0368481249599,
    757.6881262372667,
    545.825140102665,
    664.4793712574477,
    654.6547348022993,
    603.2139236699609,
    678.8959436384442,
    591.4202980667646,
    572.4939717315455,
    600.4266305974346,
    599.2497461257918,
    731.4000683333147,
    595.3700628147965,
    585.0141225146299,
    708.8349389587787,
    665.2542836995019,
    656.1412787795117,
    591.3619092422924,
    688.2948175023876,
    657.2729606407644,
    659.5123781527935,
    539.4349163369666,
    654.5731248349648,
    567.9380155543336,
    616.1331856946537,
    596.2114600321933,
    665.4492068231975,
    610.2576194355324,
    628.6697937229985,
    720.978191079078,
    616.2857657150696,
    671.9562471467059,
    626.9611382437242,
    563.2099689590169,
    559.9828065456769,
    544.411281569247,
    621.4148597798008,
    611.6761972563297,
    654.7434811019854,
    561.0507866096108,
    612.8403093270765,
    714.7854755962762,
    606.8817998939326,
    605.9767693964235,
    527.3634632543908,
    509.01242615247884,
    610.9843525405671,
    537.9548238333587,
    752.7628984923346,
    484.8070040005281,
    695.9219850629196,
    639.2241955954553,
    509.00062296831413,
    701.1785179943797,
    576.6373580193557,
    621.9445884557996,
    712.1240904283501,
    592.3151034372344,
    664.7828277709754,
    639.9011944021195,
    657.863793286962
  ],
  "training_summary": {
    "total_episodes": 100,
    "average_reward_recent_100": 620.8612536703018,
    "average_makespan_recent_100": 2.356284841907828,
    "average_load_balance_recent_100": 0.4883943230471489,
    "training_history": {
      "meta_critic_loss": [
        38.74968719482422,
        37.29985046386719,
        37.92005157470703,
        36.30707931518555,
        37.75288009643555,
        36.66374969482422,
        35.777427673339844,
        37.5432014465332,
        37.089439392089844,
        35.784568786621094,
        36.74466323852539,
        36.17131805419922,
        34.14716339111328,
        34.61180877685547,
        32.888511657714844,
        32.29844665527344,
        34.11802291870117,
        31.762035369873047,
        33.88920974731445,
        29.72687530517578,
        30.90281867980957,
        32.36865234375,
        31.23366355895996,
        30.759679794311523,
        29.11275291442871,
        29.65196990966797,
        27.0589656829834,
        30.333528518676758,
        29.223175048828125,
        29.855056762695312,
        28.39529037475586,
        27.51796531677246,
        27.365861892700195,
        25.787281036376953,
        26.447731018066406,
        24.748395919799805,
        24.802274703979492,
        24.783977508544922,
        22.468223571777344,
        23.887279510498047,
        24.416229248046875,
        21.155109405517578,
        21.18273162841797,
        19.42927360534668,
        22.551584243774414,
        18.777423858642578,
        18.23308753967285,
        19.93393898010254,
        17.559513092041016,
        17.708866119384766,
        17.32463264465332,
        15.497010231018066,
        15.628438949584961,
        14.727107048034668,
        12.307881355285645,
        12.256548881530762,
        12.5846586227417,
        11.811920166015625,
        10.920217514038086,
        9.093059539794922,
        8.781620025634766,
        6.372233867645264,
        6.151521682739258,
        7.399207592010498,
        5.7620849609375,
        5.148471832275391,
        4.721397399902344,
        3.2387492656707764,
        3.4718356132507324,
        2.721416473388672,
        1.5230486392974854,
        1.717494010925293,
        1.3659777641296387,
        1.417490005493164,
        1.0097951889038086,
        0.6250672340393066,
        1.1501463651657104,
        1.0550918579101562,
        0.9625278115272522,
        0.8984041213989258,
        0.8011468648910522,
        0.4965742528438568,
        0.909327507019043,
        0.8915941715240479,
        0.6936889886856079,
        1.4377602338790894,
        0.6831339597702026,
        0.8199318647384644,
        2.1463170051574707,
        0.6301147937774658,
        1.1024866104125977,
        0.4406733214855194,
        0.811920166015625,
        1.1232107877731323,
        0.722854733467102,
        0.5594553351402283,
        1.3200058937072754,
        0.5277524590492249,
        1.1696810722351074,
        0.8311615586280823
      ],