episode,reward,makespan,load_balance
1,1.8223816407475653,inf,0.4840118333964236
2,-49.33292615196858,inf,0.37881972280912507
