{
  "experiment_id": "hd_ddpg_exp_20250724_214017",
  "total_episodes": 10,
  "total_training_time": 5.175689220428467,
  "average_reward": -72.61587343717108,
  "final_metrics": {
    "avg_makespan": 2.5136027519976967,
    "avg_load_balance": 0.5145444647147982,
    "success_rate": 0.3
  },
  "episode_rewards": [
    1.0204323110908895,
    -489.7827047516878,
    107.59679310099668,
    123.09337093275182,
    -88.80728124071746,
    122.09272888966177,
    -398.6513420334511,
    -90.92748092547424,
    -26.21633600852077,
    14.423085353639461
  ],
  "training_summary": {
    "total_episodes": 10,
    "average_reward_recent_100": -72.61587343717108,
    "average_makespan_recent_100": Infinity,
    "average_load_balance_recent_100": 0.5145444647147982,
    "training_history": {
      "meta_critic_loss": [
        0,
        160.43099975585938,
        95.14968872070312,
        94.29716491699219,
        87.86647033691406,
        56.754669189453125,
        49.040382385253906,
        84.29808044433594,
        91.40809631347656,
        55.57895278930664
      ],
      "meta_actor_loss": [
        0,
        0.23400595784187317,
        0.3225926160812378,
        0.43185922503471375,
        0.5368261337280273,
        0.6323026418685913,
        0.7297425270080566,
        0.8663835525512695,
        0.9981793165206909,
        1.1549618244171143
      ],
      "sub_critic_losses": {
        "FPGA": [
          Infinity,
          0.0,
          0.0,
          0.0,
          0.0,
          0.0,
          0.0,
          0.0,
          0.0
        ],
        "FOG_GPU": [
          0.014844458550214767,
          0.009711996652185917,
          0.00395464850589633,
          Infinity,
          0.0,
          0.0,
          0.0,
          0.0,
          0.0
        ],
        "CLOUD": [
          0.01898704096674919,
          0.012120825238525867,
          0.005780235398560762,
          0.0027049866039305925,
          0.0015050049405544996,
          0.004299703519791365,
          0.002645183587446809,
          0.006655542645603418,
          0.005320421885699034
        ]
      },
      "sub_actor_losses": {
        "FPGA": [
          0.0,
          0.0,
          0.0,
          0.0,
          0.0,
          0.0,
          0.0,
          0.0,
          0.0
        ],
        "FOG_GPU": [
          0.07387606054544449,
          0.10545092821121216,
          0.13509277999401093,
          0.0,
          0.0,
          0.0,
          0.0,
          0.0,
          0.0
        ],
        "CLOUD": [
          0.16361048817634583,
          0.17612001299858093,
          0.1934453248977661,
          0.21325576305389404,
          0.2160574346780777,
          0.23407649993896484,
          0.2274748682975769,
          0.24854274094104767,
          0.23143723607063293
        ]
      },
      "episode_rewards": [
        1.0204323110908895,
        -489.7827047516878,
        107.59679310099668,
        123.09337093275182,
        -88.80728124071746,
        122.09272888966177,
        -398.6513420334511,
        -90.92748092547424,
        -26.21633600852077,
        14.423085353639461
      ],
      "makespans": [
        Infinity,
        Infinity,
        2.0148116723656195,
        2.541298210691773,
        Infinity,
        2.984698372935697,
        Infinity,
        Infinity,
        Infinity,
        Infinity
      ],
      "load_balances": [
        0.48782560282716153,
        0.5325558667879743,
        0.5478760390537435,
        0.5199643470821712,
        0.5545190874637177,
        0.514837612491813,
        0.4889283020682484,
        0.5178419781339135,
        0.4739937906965033,
        0.5071020205427352
      ]
    }
  }
}