{
  "experiment_info": {
    "experiment_id": "hd_ddpg_cpu_20250725_192040",
    "total_episodes": 10,
    "total_training_time": 3.436436176300049,
    "average_episode_time": 0.3436436176300049,
    "training_mode": "CPU_OPTIMIZED",
    "tensorflow_version": "2.19.0"
  },
  "performance_metrics": {
    "final_avg_reward": 70.79007866617783,
    "best_reward": 95.13852674573674,
    "final_avg_makespan": 1.5857301087354778,
    "final_avg_load_balance": 1.0188391319236718,
    "success_rate": 1.0
  },
  "training_config": {
    "meta_state_dim": 15,
    "meta_action_dim": 3,
    "gamma": 0.95,
    "batch_size": 16,
    "memory_capacity": 3000,
    "meta_lr": 0.0001,
    "sub_lr": 0.0001,
    "tau": 0.001,
    "update_frequency": 1,
    "save_frequency": 50,
    "gradient_clip_norm": 0.5,
    "exploration_noise": 0.2,
    "noise_decay": 0.995,
    "min_noise": 0.05,
    "reward_scale": 1.0,
    "verbose": true,
    "use_batch_norm": false,
    "dropout_rate": 0.1,
    "l2_regularization": 0.001
  },
  "episode_rewards": [
    71.15327776606523,
    67.49643140023588,
    79.99749499358865,
    72.55685507731995,
    44.04237427377135,
    62.965748217659325,
    70.75032847841672,
    64.72592738800077,
    79.07382232098382,
    95.13852674573674
  ],
  "training_summary": {
    "total_episodes": 10,
    "average_reward_recent_100": 70.79007866617783,
    "average_makespan_recent_100": 1.5857301087354778,
    "average_load_balance_recent_100": 1.0188391319236718,
    "training_history": {
      "meta_critic_loss": [
        0.0,
        41.410884857177734,
        39.98069763183594,
        42.6390266418457,
        40.46574401855469,
        38.82642364501953,
        39.572044372558594,
        38.36882781982422,
        39.70662307739258,
        36.31666564941406
      ],
      "meta_actor_loss": [
        0.0,
        -0.05343639850616455,
        -0.19919545948505402,
        -0.018158432096242905,
        -0.09383685886859894,
        -0.13319876790046692,
        -0.11724798381328583,
        -0.11013734340667725,
        -0.1895160973072052,
        -0.3071037828922272
      ],
      "sub_critic_losses": {
        "FPGA": [
          0.35163575410842896,
          0.12672074139118195,
          0.17939957976341248,
          0.29142338037490845,
          0.088621124625206,
          0.08985038846731186,
          0.4599948823451996,
          0.2717677354812622,
          0.1240658164024353,
          0.2147500216960907
        ],
        "FOG_GPU": [
          0.4839239716529846,
          0.20612546801567078,
          0.14505693316459656,
          0.39985159039497375,
          0.7468276023864746,
          0.5915094614028931,
          1.1234358549118042,
          0.9520922899246216,
          0.7161406874656677
        ],
        "CLOUD": [
          0.21474194526672363,
          0.2209962159395218,
          0.6913763284683228,
          0.7195547223091125,
          0.29600462317466736,
          0.5721060037612915,
          0.2358754575252533,
          0.2651783525943756
        ]
      },
      "sub_actor_losses": {
        "FPGA": [
          -0.020042141899466515,
          0.27398091554641724,
          0.4324820041656494,
          0.24549391865730286,
          0.23109373450279236,
          0.18989357352256775,
          0.08375569432973862,
          0.208417609333992,
          0.39051535725593567,
          0.3059353828430176
        ],
        "FOG_GPU": [
          0.6132323741912842,
          0.36297374963760376,
          0.5075606107711792,
          0.14285102486610413,
          0.2637905180454254,
          0.2433648407459259,
          0.43969279527664185,
          0.5420831441879272,
          0.1734100580215454
        ],
        "CLOUD": [
          0.06900334358215332,
          -0.35895466804504395,
          -0.19485773146152496,
          -0.03538358211517334,
          -0.07339233160018921,
          -0.24524858593940735,
          -0.11975517123937607,
          0.20643892884254456
        ]
      },
      "episode_rewards": [
        71.15327776606523,
        67.49643140023588,
        79.99749499358865,
        72.55685507731995,
        44.04237427377135,
        62.965748217659325,
        70.75032847841672,
        64.72592738800077,
        79.07382232098382,
        95.13852674573674
      ],
      "makespans": [
        1.8267781251349622,
        1.3112189837213328,
        1.6205674377940313,
        1.5326969698611643,
        0.72027716089496,
        2.4171518288670395,
        1.240301997689689,
        1.221775781115836,
        1.9660351560111329,
        2.0004976462646282
      ],
      "load_balances": [
        1.0323700703309413,
        0.9766227919197383,
        1.020521347746968,
        1.040246446455208,
        1.0157874190671459,
        1.0176952448960748,
        1.008931942710334,
        1.0410439910590736,
        1.0243971763701154,
        1.0107748886811194
      ]
    }
  },
  "completion_timestamp": "2025-07-25T19:20:44.425967"
}