{
  "buffer_sizes": {
    "meta": 8433,
    "FPGA": 655,
    "FOG_GPU": 3333,
    "CLOUD": 2651
  },
  "capacity_utilization": {
    "meta": 0.8433,
    "FPGA": 0.19651965196519652,
    "FOG_GPU": 1.0,
    "CLOUD": 0.7953795379537953
  },
  "quality_stats": {
    "total_experiences": 16866,
    "filtered_experiences": 0,
    "filter_rate": 0.0,
    "meta_avg_quality": 0.9987503771869841,
    "sub_avg_qualities": {
      "FPGA": 0.9829989546191283,
      "FOG_GPU": 0.9988346261675816,
      "CLOUD": 0.9863230894254238
    }
  },
  "sampling_stats": {
    "meta_samples": 125,
    "sub_samples": {
      "FPGA": 125,
      "FOG_GPU": 125,
      "CLOUD": 125
    },
    "quality_filtered": 0,
    "last_sample_time": 1753690132.6023505
  },
  "configuration": {
    "enable_per": 1,
    "quality_threshold": 0.08,
    "balance_sampling": 1
  }
}