{
  "episode": 260,
  "recent_performance": {
    "avg_reward": 1354.9029257848515,
    "std_reward": 89.13941812202224,
    "avg_makespan": 1.4495241541023218,
    "std_makespan": 0.2074632671519007,
    "avg_load_balance": 1.9286385844473808,
    "reward_trend": 0.6301285966566397,
    "makespan_stability": 0.9587350766465386
  },
  "optimization_status": {
    "episode": 260,
    "makespan_trend": 0.0023748748100321684,
    "makespan_variance": 0.04108384957821182,
    "stability_score": 0.8910343499154669,
    "current_exploration_noise": 0.00878066883766849,
    "trend_direction": "stable",
    "stagnation_counter": 0,
    "buffer_utilization": 0.88155,
    "optimization_progress": {
      "improving": "False",
      "stable": "True",
      "converged": 0
    },
    "current_lr": 5e-06,
    "convergence_monitor": {
      "early_stop": 0,
      "best_score": 1.0408364531178125,
      "patience_counter": 62,
      "improvement_trend": 0
    }
  },
  "buffer_status": {
    "buffer_sizes": {
      "meta": 10000,
      "FPGA": 965,
      "FOG_GPU": 3333,
      "CLOUD": 3333
    },
    "capacity_utilization": {
      "meta": 1.0,
      "FPGA": 0.2895289528952895,
      "FOG_GPU": 1.0,
      "CLOUD": 1.0
    },
    "quality_stats": {
      "total_experiences": 35990,
      "filtered_experiences": 0,
      "filter_rate": 0.0,
      "meta_avg_quality": 0.9988668167184016,
      "sub_avg_qualities": {
        "FPGA": 0.9844131230258336,
        "FOG_GPU": 0.9990046225128039,
        "CLOUD": 0.9853869007913051
      }
    },
    "sampling_stats": {
      "meta_samples": 260,
      "sub_samples": {
        "FPGA": 260,
        "FOG_GPU": 260,
        "CLOUD": 260
      },
      "quality_filtered": 0,
      "last_sample_time": 1753690339.5759985
    },
    "configuration": {
      "enable_per": 1,
      "quality_threshold": 0.08,
      "balance_sampling": 1
    }
  },
  "evaluation_duration": 0.0,
  "timestamp": "2025-07-28T16:12:19.787006"
}