{
  "episode": 300,
  "recent_performance": {
    "avg_reward": 1345.6961815681107,
    "std_reward": 98.20305421816532,
    "avg_makespan": 1.3661277982575653,
    "std_makespan": 0.18926692418665228,
    "avg_load_balance": 1.944053588812639,
    "reward_trend": -1.5505437533921167,
    "makespan_stability": 0.9654168673022056
  },
  "optimization_status": {
    "episode": 300,
    "makespan_trend": -0.003235795995363012,
    "makespan_variance": 0.03750350339300432,
    "stability_score": 0.8672382205793561,
    "current_exploration_noise": 0.008606756897186523,
    "trend_direction": "improving",
    "stagnation_counter": 1,
    "buffer_utilization": 0.8881,
    "optimization_progress": {
      "improving": "False",
      "stable": "True",
      "converged": 0
    },
    "current_lr": 5e-06,
    "convergence_monitor": {
      "early_stop": 0,
      "best_score": 1.0408364531178125,
      "patience_counter": 102,
      "improvement_trend": 0
    }
  },
  "buffer_status": {
    "buffer_sizes": {
      "meta": 10000,
      "FPGA": 1096,
      "FOG_GPU": 3333,
      "CLOUD": 3333
    },
    "capacity_utilization": {
      "meta": 1.0,
      "FPGA": 0.3288328832883288,
      "FOG_GPU": 1.0,
      "CLOUD": 1.0
    },
    "quality_stats": {
      "total_experiences": 41674,
      "filtered_experiences": 0,
      "filter_rate": 0.0,
      "meta_avg_quality": 0.998235515203194,
      "sub_avg_qualities": {
        "FPGA": 0.9852113132919557,
        "FOG_GPU": 0.9982362395277153,
        "CLOUD": 0.9840375043922276
      }
    },
    "sampling_stats": {
      "meta_samples": 300,
      "sub_samples": {
        "FPGA": 300,
        "FOG_GPU": 300,
        "CLOUD": 300
      },
      "quality_filtered": 0,
      "last_sample_time": 1753690399.9984138
    },
    "configuration": {
      "enable_per": 1,
      "quality_threshold": 0.08,
      "balance_sampling": 1
    }
  },
  "evaluation_duration": 0.0009906291961669922,
  "timestamp": "2025-07-28T16:13:20.223414"
}