{
  "episode": 200,
  "recent_performance": {
    "avg_reward": 1354.6938658176923,
    "std_reward": 90.13842259464553,
    "avg_makespan": 1.484533308799547,
    "std_makespan": 0.17627693218064514,
    "avg_load_balance": 1.926626438902287,
    "reward_trend": 0.1720232739510279,
    "makespan_stability": 0.9698629097667045
  },
  "optimization_status": {
    "episode": 200,
    "makespan_trend": -0.0007276633724666837,
    "makespan_variance": 0.027989775032961788,
    "stability_score": 0.8816185236044053,
    "current_exploration_noise": 0.00904814789840327,
    "trend_direction": "improving",
    "stagnation_counter": 0,
    "buffer_utilization": 0.87515,
    "optimization_progress": {
      "improving": "False",
      "stable": "True",
      "converged": 0
    },
    "current_lr": 5e-06,
    "convergence_monitor": {
      "early_stop": 0,
      "best_score": 1.0408364531178125,
      "patience_counter": 2,
      "improvement_trend": 0
    }
  },
  "buffer_status": {
    "buffer_sizes": {
      "meta": 10000,
      "FPGA": 837,
      "FOG_GPU": 3333,
      "CLOUD": 3333
    },
    "capacity_utilization": {
      "meta": 1.0,
      "FPGA": 0.25112511251125114,
      "FOG_GPU": 1.0,
      "CLOUD": 1.0
    },
    "quality_stats": {
      "total_experiences": 27454,
      "filtered_experiences": 0,
      "filter_rate": 0.0,
      "meta_avg_quality": 0.9979530116373811,
      "sub_avg_qualities": {
        "FPGA": 0.983544488781128,
        "FOG_GPU": 0.9983064698381954,
        "CLOUD": 0.983912370635934
      }
    },
    "sampling_stats": {
      "meta_samples": 200,
      "sub_samples": {
        "FPGA": 200,
        "FOG_GPU": 200,
        "CLOUD": 200
      },
      "quality_filtered": 0,
      "last_sample_time": 1753690247.253133
    },
    "configuration": {
      "enable_per": 1,
      "quality_threshold": 0.08,
      "balance_sampling": 1
    }
  },
  "evaluation_duration": 0.0,
  "timestamp": "2025-07-28T16:10:47.465131"
}