{
  "HD-DDPG": {
    "avg_makespan": 2.280517184913835,
    "std_makespan": 0.8927972419129941,
    "avg_load_balance": 0.5032228130818949,
    "std_load_balance": 0.05764804637952521,
    "avg_energy": 1287.686450818721,
    "std_energy": 478.2956991260339
  },
  "HEFT": {
    "avg_makespan": 0.16259736193471344,
    "std_makespan": 0.028266379250474042,
    "avg_load_balance": 0.28989794855663564,
    "std_load_balance": 3.764949453935611e-17,
    "avg_energy": 1947.3704488562448,
    "std_energy": 554.087414738002
  },
  "FCFS": {
    "avg_makespan": 0.8122242969174781,
    "std_makespan": 0.18871855218936065,
    "avg_load_balance": 0.2898979485566356,
    "std_load_balance": 4.775249788392736e-17,
    "avg_energy": 160.8670892606443,
    "std_energy": 41.258111254519434
  },
  "Random": {
    "avg_makespan": 0.7160233516352039,
    "std_makespan": 0.2717125080716072,
    "avg_load_balance": 0.5119977031931272,
    "std_load_balance": 0.06605253992658025,
    "avg_energy": 1222.4053382455565,
    "std_energy": 437.4386335194028
  }
}