{
  "HD-DDPG": {
    "avg_makespan": 2.1307997492662487,
    "std_makespan": 0.9002588515877841,
    "avg_load_balance": 0.5032184496577851,
    "std_load_balance": 0.06254369055346994,
    "avg_energy": 1245.2965334522146,
    "std_energy": 441.0892256664304
  },
  "HEFT": {
    "avg_makespan": 0.15682785602946883,
    "std_makespan": 0.028017393831442007,
    "avg_load_balance": 0.2898979485566356,
    "std_load_balance": 4.6443961262081255e-17,
    "avg_energy": 1850.0860996331392,
    "std_energy": 566.2616241299614
  },
  "FCFS": {
    "avg_makespan": 0.7610331326450333,
    "std_makespan": 0.1702453520720524,
    "avg_load_balance": 0.2898979485566356,
    "std_load_balance": 4.839349969133126e-17,
    "avg_energy": 152.75239103284338,
    "std_energy": 33.649988332194376
  },
  "Random": {
    "avg_makespan": 0.6776089316288356,
    "std_makespan": 0.26187400464790217,
    "avg_load_balance": 0.49595776559660726,
    "std_load_balance": 0.05836784531598382,
    "avg_energy": 1199.3079339642804,
    "std_energy": 462.61202060363973
  }
}