{
  "HD-DDPG": {
    "avg_makespan": 2.1192951741191575,
    "std_makespan": 0.9085305363284892,
    "avg_load_balance": 0.4857295839808304,
    "std_load_balance": 0.0864191022394067,
    "avg_energy": 1154.9173786832735,
    "std_energy": 557.829067810427
  },
  "HEFT": {
    "avg_makespan": 0.1593658904756497,
    "std_makespan": 0.02734121642261274,
    "avg_load_balance": 0.2898979485566356,
    "std_load_balance": 4.9026121308902975e-17,
    "avg_energy": 1809.6447644153957,
    "std_energy": 680.2926997594648
  },
  "FCFS": {
    "avg_makespan": 0.790374947359782,
    "std_makespan": 0.21028652516390184,
    "avg_load_balance": 0.2898979485566356,
    "std_load_balance": 5.3244425794049196e-17,
    "avg_energy": 145.08426627535437,
    "std_energy": 39.436795348947605
  },
  "Random": {
    "avg_makespan": 0.6958731106823453,
    "std_makespan": 0.27929851115162135,
    "avg_load_balance": 0.47696298012453814,
    "std_load_balance": 0.06785854537355232,
    "avg_energy": 1078.5618031686017,
    "std_energy": 461.3128502417094
  }
}