{
  "HD-DDPG": {
    "avg_makespan": 2.023403970098956,
    "std_makespan": 0.8541712587306417,
    "avg_load_balance": 0.4864236745066085,
    "std_load_balance": 0.06501834451368439,
    "avg_energy": 1387.782253662626,
    "std_energy": 518.7584139627714
  },
  "HEFT": {
    "avg_makespan": 0.16569265700848385,
    "std_makespan": 0.0273243661784768,
    "avg_load_balance": 0.2898979485566356,
    "std_load_balance": 4.5775667985222376e-17,
    "avg_energy": 1927.9811694089897,
    "std_energy": 560.9568459539825
  },
  "FCFS": {
    "avg_makespan": 0.8538523607420534,
    "std_makespan": 0.1780054030676445,
    "avg_load_balance": 0.2898979485566356,
    "std_load_balance": 5.3244425794049196e-17,
    "avg_energy": 161.1451441300321,
    "std_energy": 33.3629252109867
  },
  "Random": {
    "avg_makespan": 0.690719280986511,
    "std_makespan": 0.24986087069511487,
    "avg_load_balance": 0.4885213694417634,
    "std_load_balance": 0.06615908791587224,
    "avg_energy": 1174.6365098396518,
    "std_energy": 498.42382781176275
  }
}