{
  "HD-DDPG": {
    "avg_makespan": 2.026214521040543,
    "std_makespan": 0.873262164974853,
    "avg_load_balance": 0.4751948286688556,
    "std_load_balance": 0.05794034951042443,
    "avg_energy": 1213.1256717799363,
    "std_energy": 558.9865699736858
  },
  "HEFT": {
    "avg_makespan": 0.159162495317679,
    "std_makespan": 0.028967939218144233,
    "avg_load_balance": 0.2898979485566356,
    "std_load_balance": 4.154074181055225e-17,
    "avg_energy": 1794.331702912293,
    "std_energy": 629.9007867920244
  },
  "FCFS": {
    "avg_makespan": 0.7623256018871407,
    "std_makespan": 0.18066483636998953,
    "avg_load_balance": 0.2898979485566356,
    "std_load_balance": 4.6443961262081255e-17,
    "avg_energy": 147.72573192087032,
    "std_energy": 47.30497656200563
  },
  "Random": {
    "avg_makespan": 0.647192129272768,
    "std_makespan": 0.2617283545648521,
    "avg_load_balance": 0.4965041110373915,
    "std_load_balance": 0.06716491440642909,
    "avg_energy": 1132.812689943365,
    "std_energy": 468.1886485201256
  }
}