{
  "HD-DDPG": {
    "avg_makespan": 2.2187115059774793,
    "std_makespan": 0.9734264260133221,
    "avg_load_balance": 0.5012438703002797,
    "std_load_balance": 0.07648377856125996,
    "avg_energy": 1240.1685329945112,
    "std_energy": 489.28503150807103
  },
  "HEFT": {
    "avg_makespan": 0.163517349600869,
    "std_makespan": 0.027501382743532806,
    "avg_load_balance": 0.2898979485566356,
    "std_load_balance": 4.227603326225575e-17,
    "avg_energy": 1859.8108093099634,
    "std_energy": 569.3420236571952
  },
  "FCFS": {
    "avg_makespan": 0.7626433028881736,
    "std_makespan": 0.18548181259332894,
    "avg_load_balance": 0.2898979485566356,
    "std_load_balance": 4.775249788392736e-17,
    "avg_energy": 154.80802565834244,
    "std_energy": 48.40280961408894
  },
  "Random": {
    "avg_makespan": 0.7428232092192435,
    "std_makespan": 0.28846201373319613,
    "avg_load_balance": 0.48800582555049377,
    "std_load_balance": 0.059708163990868014,
    "avg_energy": 1166.2974455377741,
    "std_energy": 470.3979644422914
  }
}