{
  "HD-DDPG": {
    "avg_makespan": 2.01544775251536,
    "std_makespan": 0.9120241294967405,
    "avg_load_balance": 0.48104806104437453,
    "std_load_balance": 0.06493100597683443,
    "avg_energy": 1167.221754848247,
    "std_energy": 495.92813360756264
  },
  "HEFT": {
    "avg_makespan": 0.157497436597702,
    "std_makespan": 0.03337095805517413,
    "avg_load_balance": 0.2898979485566356,
    "std_load_balance": 4.2998752849492583e-17,
    "avg_energy": 1766.9583919525367,
    "std_energy": 584.6635981016198
  },
  "FCFS": {
    "avg_makespan": 0.7039479456791986,
    "std_makespan": 0.18798205965616202,
    "avg_load_balance": 0.2898979485566356,
    "std_load_balance": 4.839349969133126e-17,
    "avg_energy": 134.14211809924709,
    "std_energy": 43.514230023302304
  },
  "Random": {
    "avg_makespan": 0.6586538002888441,
    "std_makespan": 0.2981226176562448,
    "avg_load_balance": 0.48946945561628774,
    "std_load_balance": 0.07623426411629672,
    "avg_energy": 1113.8558621415243,
    "std_energy": 493.5810915650591
  }
}