{
  "HD-DDPG": {
    "avg_makespan": 2.1137830633871473,
    "std_makespan": 0.8840796632878198,
    "avg_load_balance": 0.48242114590864654,
    "std_load_balance": 0.06915059451865464,
    "avg_energy": 1215.8581841328125,
    "std_energy": 517.1608228547619
  },
  "HEFT": {
    "avg_makespan": 0.16050909066448177,
    "std_makespan": 0.027190371309179572,
    "avg_load_balance": 0.2898979485566357,
    "std_load_balance": 7.731808680624463e-17,
    "avg_energy": 1765.499222324209,
    "std_energy": 551.7069854511494
  },
  "FCFS": {
    "avg_makespan": 0.7923306152567454,
    "std_makespan": 0.16311051589346814,
    "avg_load_balance": 0.2898979485566356,
    "std_load_balance": 5.2662502028650513e-17,
    "avg_energy": 148.54100567094218,
    "std_energy": 36.46110369472395
  },
  "Random": {
    "avg_makespan": 0.659531164990713,
    "std_makespan": 0.27450866207330776,
    "avg_load_balance": 0.49554465820105525,
    "std_load_balance": 0.06329820753055809,
    "avg_energy": 1171.0920729476845,
    "std_energy": 447.7984686386968
  }
}