{
  "experiment_id": "hd_ddpg_exp_20250725_122026",
  "total_episodes": 100,
  "total_training_time": 331.8683400154114,
  "average_reward": 687.7734601513553,
  "final_metrics": {
    "avg_makespan": 2.1099440914327126,
    "avg_load_balance": 0.4826817643052964,
    "success_rate": 1.0
  },
  "episode_rewards": [
    734.8887885406654,
    633.7012614605748,
    722.3026319581634,
    661.4694852954589,
    576.4045007788898,
    713.4552421349798,
    627.4024774102954,
    647.8214661181784,
    690.3803756649623,
    637.805749679087,
    673.9011335418887,
    801.9096614505345,
    716.7142927852274,
    665.364721591609,
    676.376848141878,
    634.5396480957677,
    785.2252430173071,
    678.4560012922143,
    662.6876762509012,
    612.0627402020083,
    812.242736475398,
    669.3357841715597,
    564.8332487239503,
    696.4567410171848,
    669.947430655761,
    635.7037858230464,
    562.5761967829933,
    631.8105987964899,
    726.774162132136,
    678.3223564338588,
    567.2846673590169,
    782.6525063377155,
    745.1944799303352,
    591.6353911773618,
    595.73560754608,
    616.7476363746989,
    752.2896786830569,
    678.5241754327212,
    674.0419361441525,
    709.8996476413207,
    768.5543773391859,
    526.2501149102281,
    744.2142651587004,
    711.6328152201381,
    697.206841904652,
    581.1522873984536,
    670.5130223685566,
    805.0269490660179,
    718.1633763707573,
    728.7219916307176,
    713.7419456893608,
    686.6030110869465,
    792.1668627814079,
    611.7888650637034,
    737.1714938888398,
    702.5808814115059,
    643.2466286013099,
    695.1589036334847,
    647.8660493379653,
    635.0219709791036,
    723.8729375497751,
    702.5457450657971,
    620.4356182721158,
    718.7918428398912,
    678.2281371474921,
    712.5612667580864,
    645.362748805932,
    712.8584697311644,
    626.9759598392451,
    686.6288522280211,
    723.1750789335956,
    801.7718509064234,
    636.844224321897,
    661.9545142123358,
    632.3306399897256,
    761.8791720456654,
    616.7244216635048,
    598.556076155404,
    764.9225020272786,
    696.7130295275535,
    692.2615375078869,
    798.0889965188004,
    612.8465792182628,
    741.4967154721664,
    758.3390491758029,
    670.0499675253416,
    563.9248062575427,
    762.4964699768791,
    807.4471440165365,
    709.4615301384603,
    696.0653040994293,
    741.8273211984266,
    766.3112061905631,
    736.2374911043165,
    814.385137693941,
    662.9383696163666,
    607.618004336091,
    789.1049480040487,
    694.5427845705316,
    697.10819760275
  ],
  "training_summary": {
    "total_episodes": 100,
    "average_reward_recent_100": 687.7734601513553,
    "average_makespan_recent_100": 2.1099440914327126,
    "average_load_balance_recent_100": 0.4826817643052964,
    "training_history": {
      "meta_critic_loss": [
        51.66204833984375,
        51.34855270385742,
        49.606475830078125,
        49.92973327636719,
        50.25457000732422,
        50.12662124633789,
        49.86627960205078,
        46.88456726074219,
        47.51477813720703,
        48.34968185424805,
        48.73107147216797,
        49.213069915771484,
        50.18095779418945,
        47.00700378417969,
        46.071449279785156,
        47.84650421142578,
        47.32423400878906,
        47.0118293762207,
        46.88053512573242,
        47.44842529296875,
        44.97060012817383,
        44.59928894042969,
        45.07573318481445,
        43.6595458984375,
        43.30971908569336,
        46.05238342285156,
        41.94871520996094,
        44.28998947143555,
        43.08930969238281,
        45.123626708984375,
        41.200199127197266,
        41.755470275878906,
        40.459754943847656,
        40.04389190673828,
        42.18701171875,
        39.86753463745117,
        40.18153381347656,
        38.6043701171875,
        36.68880844116211,
        35.724666595458984,
        37.46992492675781,
        35.989341735839844,
        35.48644256591797,
        34.42982482910156,
        33.844276428222656,
        32.75243377685547,
        32.80838394165039,
        30.0811824798584,
        30.68653106689453,
        30.81363868713379,
        30.062301635742188,
        27.034780502319336,
        28.108436584472656,
        26.89891815185547,
        27.216266632080078,
        26.69595718383789,
        22.245412826538086,
        21.542579650878906,
        22.972347259521484,
        19.16851806640625,
        20.592147827148438,
        19.171194076538086,
        17.474733352661133,
        17.102703094482422,
        15.511309623718262,
        13.735222816467285,
        12.762777328491211,
        12.27865982055664,
        13.209308624267578,
        10.752426147460938,
        8.67082405090332,
        9.831730842590332,
        8.294297218322754,
        6.585572242736816,
        6.1352009773254395,
        5.549681186676025,
        6.304483413696289,
        5.517367839813232,
        3.5417141914367676,
        2.7650797367095947,
        3.5931057929992676,
        1.8089162111282349,
        1.215317964553833,
        1.5295637845993042,
        1.4785212278366089,
        0.7881804704666138,
        1.5500147342681885,
        0.9659953117370605,
        0.7763533592224121,
        1.1119801998138428,
        1.1648035049438477,
        0.695469856262207,
        0.7272487282752991,
        1.2861177921295166,
        1.1858991384506226,
        0.9172901511192322,
        1.5764732360839844,
        1.4837156534194946,
        1.5895349979400635,
        1.012890338897705
      ],