{
  "experiment_id": "hd_ddpg_exp_20250724_221812",
  "total_episodes": 50,
  "total_training_time": 40.95468187332153,
  "average_reward": 50.0,
  "final_metrics": {
    "avg_makespan": 2.2129407414677753,
    "avg_load_balance": 0.49503358490191723,
    "success_rate": 1.0
  },
  "episode_rewards": [
    50.0,
    50.0,
    50.0,
    50.0,
    50.0,
    50.0,
    50.0,
    50.0,
    50.0,
    50.0,
    50.0,
    50.0,
    50.0,
    50.0,
    50.0,
    50.0,
    50.0,
    50.0,
    50.0,
    50.0,
    50.0,
    50.0,
    50.0,
    50.0,
    50.0,
    50.0,
    50.0,
    50.0,
    50.0,
    50.0,
    50.0,
    50.0,
    50.0,
    50.0,
    50.0,
    50.0,
    50.0,
    50.0,
    50.0,
    50.0,
    50.0,
    50.0,
    50.0,
    50.0,
    50.0,
    50.0,
    50.0,
    50.0,
    50.0,
    50.0
  ],
  "training_summary": {
    "total_episodes": 50,
    "average_reward_recent_100": 50.0,
    "average_makespan_recent_100": 2.2129407414677753,
    "average_load_balance_recent_100": 0.49503358490191723,
    "training_history": {
      "meta_critic_loss": [
        0.9859533309936523,
        0.7595770359039307,
        0.9623492956161499,
        1.055006980895996,
        0.9296751022338867,
        0.9524904489517212,
        1.0545964241027832,
        1.0167956352233887,
        1.1421810388565063,
        1.0116344690322876,
        1.0511001348495483,
        0.870220959186554,
        1.056640863418579,
        0.6000616550445557,
        0.8930659294128418,
        0.633213460445404,
        0.45563799142837524,
        0.45369142293930054,
        0.5198272466659546,
        0.9889596104621887,
        0.37138795852661133,
        0.4163561463356018,
        0.343128502368927,
        0.21784156560897827,
        0.5145354270935059,
        0.5848012566566467,
        0.2832247316837311,
        0.5762802362442017,
        0.33129259943962097,
        0.21796251833438873,
        0.059308890253305435,
        0.37528112530708313,
        0.08173057436943054,
        0.40272581577301025,
        0.11594769358634949,
        0.2145620435476303,
        0.1830330342054367,
        0.0703410804271698,
        0.02806660905480385,
        0.20204883813858032,
        0.19946980476379395,
        0.23057584464550018,
        0.14350762963294983,
        0.07384525239467621,
        0.1200866550207138,
        0.22247853875160217,
        0.06062014400959015,
        0.08808769285678864,
        0.3378637433052063,
        0.18910887837409973
      ],
      "meta_actor_loss": [
        -0.03838983550667763,
        -0.05119144916534424,
        -0.07076141238212585,
        -0.0889618843793869,
        -0.1096876785159111,
        -0.11842522025108337,
        -0.14010533690452576,
        -0.16247445344924927,
        -0.1704169362783432,
        -0.19927726686000824,
        -0.22111740708351135,
        -0.24654942750930786,
        -0.2784658372402191,
        -0.282107412815094,
        -0.3261529207229614,
        -0.32404953241348267,
        -0.3487410545349121,
        -0.3912075161933899,
        -0.39436352252960205,
        -0.41119134426116943,
        -0.46236419677734375,
        -0.4608432650566101,
        -0.48158708214759827,
        -0.48443686962127686,
        -0.5657821893692017,
        -0.5802580118179321,
        -0.5686240792274475,
        -0.6290695667266846,
        -0.6862625479698181,
        -0.7261117100715637,
        -0.7413033246994019,
        -0.7686004042625427,
        -0.8043698072433472,
        -0.8423808813095093,
        -0.8818206787109375,
        -0.8924453258514404,
        -0.9621908664703369,
        -0.9091768264770508,
        -0.937767505645752,
        -0.9725680351257324,
        -0.9927589297294617,
        -1.02230703830719,
        -1.1052583456039429,
        -1.096013069152832,
        -1.0981664657592773,
        -1.1036686897277832,
        -1.1219146251678467,
        -1.1454659700393677,
        -1.1361982822418213,
        -1.2084529399871826
      ],
      "sub_critic_losses": {
        "FPGA": [],
        "FOG_GPU": [],
        "CLOUD": []
      },
      "sub_actor_losses": {
        "FPGA": [],
        "FOG_GPU": [],
        "CLOUD": []
      },
      "episode_rewards": [
        50.0,
        50.0,
        50.0,
        50.0,
        50.0,
        50.0,
        50.0,
        50.0,
        50.0,
        50.0,
        50.0,
        50.0,
        50.0,
        50.0,
        50.0,
        50.0,
        50.0,
        50.0,
        50.0,
        50.0,
        50.0,
        50.0,
        50.0,
        50.0,
        50.0,
        50.0,
        50.0,
        50.0,
        50.0,
        50.0,
        50.0,
        50.0,
        50.0,
        50.0,
        50.0,
        50.0,
        50.0,
        50.0,
        50.0,
        50.0,
        50.0,
        50.0,
        50.0,
        50.0,
        50.0,
        50.0,
        50.0,
        50.0,
        50.0,
        50.0
      ],
      "makespans": [
        2.590548541445582,
        2.363974032497632,
        1.9126248560311976,
        2.315310411642225,
        2.2935649044398323,
        2.5865732769160963,
        2.752222444261297,
        1.2025767418488065,
        2.4682411454604902,
        1.417464802671757,
        1.8160783436684842,
        2.0427362860690708,
        2.4077623493021107,
        2.4128802548633175,
        2.3580393136611635,
        2.8310100428208513,
        1.357887742028361,
        1.9151684199311547,
        1.575020026896415,
        2.07580415983937,
        2.2207077636543615,
        2.7688169802795946,
        1.9239638179359215,
        2.2209242921923296,
        2.035579774232963,
        2.4825841662935106,
        2.4247226198386693,
        2.4651809731823824,
        2.05201207809359,
        2.731771677868277,
        1.5445496709942894,
        2.4108848462667494,
        2.1963160089235947,
        2.247205987746441,
        3.0091818472890344,
        2.3998113341787133,
        2.8552138234184588,
        2.1461448331646285,
        1.8806614800596342,
        2.3041772445728865,
        2.183300415850092,
        1.8871550176998757,
        2.0422114616770273,
        2.110018437424263,
        2.1341497400190454,
        1.7245775033969093,
        3.332813146631147,
        1.8887811645838064,
        1.981500717902814,
        2.346630151722523
      ],
      "load_balances": [
        0.5164353464709535,
        0.5141205999601658,
        0.46420248917825246,
        0.5038154589904394,
        0.4967533496367239,
        0.48880527348957975,
        0.5063739862604272,
        0.5065168523186395,
        0.522702186882617,
        0.4832508875943823,
        0.5234586797228509,
        0.5147272933366908,
        0.4852856044871861,
        0.47265774711741154,
        0.4739276443238853,
        0.4520853433277468,
        0.45729154859919185,
        0.4928031651435864,
        0.45914464615677514,
        0.46927122087920187,
        0.4564567938219704,
        0.5508167312235076,
        0.5305713837135138,
        0.45970447428662337,
        0.49281224796335465,
        0.4907987405191593,
        0.5022098554369874,
        0.49986410222218086,
        0.5040410930541787,
        0.47805839578161313,
        0.47813320454868935,
        0.5017753121326318,
        0.46026725854766665,
        0.4809183443260415,
        0.5042396279210244,
        0.5075083209588054,
        0.5017130039528049,
        0.5004529376572584,
        0.48392340213311397,
        0.48481054308239885,
        0.4525860773726708,
        0.49421003473564457,
        0.5323069667494131,
        0.4822185533916139,
        0.5749080923155188,
        0.4465058057431575,
        0.5377485000502655,
        0.5435322687037976,
        0.483560897775772,
        0.5313969510977766
      ]
    }
  }
}