episode,reward,makespan,load_balance
1,0.7800894640216143,inf,0.5113344278878031
