{
  "experiment_id": "hd_ddpg_exp_20250724_223945",
  "total_episodes": 10,
  "total_training_time": 7.726065397262573,
  "average_reward": 308.0605445700528,
  "final_metrics": {
    "avg_makespan": 2.122724786764683,
    "avg_load_balance": 0.5027210346186266,
    "success_rate": 1.0
  },
  "episode_rewards": [
    370.8289963537407,
    310.3814240404442,
    349.2568470404019,
    258.72898830099695,
    352.13458773763705,
    317.2077085139115,
    317.5700420221304,
    284.91585254935615,
    259.2948381947813,
    260.286160947128
  ],
  "training_summary": {
    "total_episodes": 10,
    "average_reward_recent_100": 308.0605445700528,
    "average_makespan_recent_100": 2.122724786764683,
    "average_load_balance_recent_100": 0.5027210346186266,
    "training_history": {
      "meta_critic_loss": [
        41.923404693603516,
        41.09337615966797,
        40.540565490722656,
        41.233184814453125,
        41.28062438964844,
        40.045654296875,
        39.74220275878906,
        39.670005798339844,
        39.91973114013672,
        38.404518127441406
      ],
      "meta_actor_loss": [
        -0.05107946693897247,
        -0.06354020535945892,
        -0.08346483111381531,
        -0.1061398908495903,
        -0.12825733423233032,
        -0.15600234270095825,
        -0.1763961762189865,
        -0.1934933364391327,
        -0.23332364857196808,
        -0.2580007314682007
      ],
      "sub_critic_losses": {
        "FPGA": [],
        "FOG_GPU": [],
        "CLOUD": []
      },
      "sub_actor_losses": {
        "FPGA": [],
        "FOG_GPU": [],
        "CLOUD": []
      },
      "episode_rewards": [
        370.8289963537407,
        310.3814240404442,
        349.2568470404019,
        258.72898830099695,
        352.13458773763705,
        317.2077085139115,
        317.5700420221304,
        284.91585254935615,
        259.2948381947813,
        260.286160947128
      ],
      "makespans": [
        2.3934499046429383,
        1.843442129764928,
        2.2225527883236147,
        1.6363604542029246,
        2.1224382616413324,
        2.1552880338136697,
        2.69086084222362,
        1.7196937381618533,
        2.101601683784166,
        2.341560031087782
      ],
      "load_balances": [
        0.5799822129041313,
        0.4854736998311788,
        0.5497100678193744,
        0.47637947795401436,
        0.4629992370795809,
        0.49536250837007884,
        0.4889721040998255,
        0.4983144748831654,
        0.5020978946961696,
        0.4879186685487463
      ]
    }
  }
}