{
  "experiment_info": {
    "experiment_id": "hd_ddpg_cpu_20250725_191810",
    "total_episodes": 10,
    "total_training_time": 2.577465057373047,
    "average_episode_time": 0.2577465057373047,
    "training_mode": "CPU_OPTIMIZED",
    "tensorflow_version": "2.19.0"
  },
  "performance_metrics": {
    "final_avg_reward": 57.2342896155853,
    "best_reward": 85.36049710284715,
    "final_avg_makespan": 1.8283517509620502,
    "final_avg_load_balance": 0.9928308051947574,
    "success_rate": 1.0
  },
  "training_config": {
    "meta_state_dim": 15,
    "meta_action_dim": 3,
    "gamma": 0.95,
    "batch_size": 16,
    "memory_capacity": 3000,
    "meta_lr": 0.0001,
    "sub_lr": 0.0001,
    "tau": 0.001,
    "update_frequency": 1,
    "save_frequency": 50,
    "gradient_clip_norm": 0.5,
    "exploration_noise": 0.2,
    "noise_decay": 0.995,
    "min_noise": 0.05,
    "reward_scale": 1.0,
    "verbose": true,
    "use_batch_norm": false,
    "dropout_rate": 0.1,
    "l2_regularization": 0.001
  },
  "episode_rewards": [
    27.14941216521988,
    44.44444458977904,
    85.36049710284715,
    64.76368738434596,
    42.13501377741409,
    72.15905804372761,
    73.00723371604789,
    46.3109337743508,
    58.211994230688866,
    58.8006213714316
  ],
  "training_summary": {
    "total_episodes": 10,
    "average_reward_recent_100": 57.2342896155853,
    "average_makespan_recent_100": 1.8283517509620502,
    "average_load_balance_recent_100": 0.9928308051947574,
    "training_history": {
      "meta_critic_loss": [
        0.0,
        0.0,
        26.887683868408203,
        32.375118255615234,
        36.07102584838867,
        35.51613998413086,
        31.040498733520508,
        33.72167205810547,
        30.506465911865234,
        35.00121307373047
      ],
      "meta_actor_loss": [
        0.0,
        0.0,
        -0.2786318063735962,
        -0.4454019367694855,
        -0.37062451243400574,
        -0.34238356351852417,
        -0.43194323778152466,
        -0.3872009515762329,
        -0.36592960357666016,
        -0.35964471101760864
      ],
      "sub_critic_losses": {
        "FPGA": [
          0.29577580094337463,
          0.5756101608276367,
          0.14433541893959045,
          0.2492716759443283,
          0.06603224575519562,
          0.38529813289642334,
          0.36887088418006897,
          0.31506699323654175,
          0.23886613547801971,
          0.23959167301654816
        ],
        "FOG_GPU": [
          0.012655029073357582,
          0.05934499576687813,
          0.0529743917286396,
          0.03234575316309929,
          0.19063061475753784,
          0.06964079290628433,
          0.10807041078805923,
          0.10309012234210968
        ],
        "CLOUD": []
      },
      "sub_actor_losses": {
        "FPGA": [
          -0.573522686958313,
          -0.4489560127258301,
          -0.5221376419067383,
          -0.655440092086792,
          -0.419127881526947,
          -0.8681281805038452,
          -0.5687283277511597,
          -0.4999997019767761,
          -0.3616381585597992,
          -0.4435265064239502
        ],
        "FOG_GPU": [
          -0.3666827380657196,
          -0.5110759735107422,
          -0.5133150219917297,
          -0.49236661195755005,
          -0.3304033577442169,
          -0.5405029654502869,
          -0.5112619996070862,
          -0.46151772141456604
        ],
        "CLOUD": []
      },
      "episode_rewards": [
        27.14941216521988,
        44.44444458977904,
        85.36049710284715,
        64.76368738434596,
        42.13501377741409,
        72.15905804372761,
        73.00723371604789,
        46.3109337743508,
        58.211994230688866,
        58.8006213714316
      ],
      "makespans": [
        1.7187558511171708,
        1.386750720681803,
        2.335243152672337,
        1.844608667359992,
        1.922803271450932,
        2.2057683285201595,
        1.75594592224639,
        2.137059730797539,
        1.526964133282981,
        1.4496177314912
      ],
      "load_balances": [
        0.9235127285049831,
        0.9797017067606277,
        1.0309201897695455,
        1.00922986547401,
        0.9516906463466757,
        1.096507255102276,
        1.0173019136191095,
        0.9628587647910195,
        0.9231321930144121,
        1.0334527885649143
      ]
    }
  },
  "completion_timestamp": "2025-07-25T19:18:13.943898"
}