{
  "experiment_id": "hd_ddpg_exp_20250724_222902",
  "total_episodes": 20,
  "total_training_time": 23.391699075698853,
  "average_reward": 50.0,
  "final_metrics": {
    "avg_makespan": 2.3403051538441733,
    "avg_load_balance": 0.49248625053231815,
    "success_rate": 1.0
  },
  "episode_rewards": [
    50.0,
    50.0,
    50.0,
    50.0,
    50.0,
    50.0,
    50.0,
    50.0,
    50.0,
    50.0,
    50.0,
    50.0,
    50.0,
    50.0,
    50.0,
    50.0,
    50.0,
    50.0,
    50.0,
    50.0
  ],
  "training_summary": {
    "total_episodes": 20,
    "average_reward_recent_100": 50.0,
    "average_makespan_recent_100": 2.3403051538441733,
    "average_load_balance_recent_100": 0.49248625053231815,
    "training_history": {
      "meta_critic_loss": [
        0.9047064185142517,
        0.8413324356079102,
        0.7018561959266663,
        0.6820323467254639,
        0.9191896915435791,
        0.6566280126571655,
        0.6968424916267395,
        0.7260571122169495,
        0.7985625863075256,
        0.8826323747634888,
        0.6693492531776428,
        0.5068175792694092,
        0.4872066378593445,
        0.7860023975372314,
        0.5382734537124634,
        0.321881502866745,
        0.4992629289627075,
        0.4706425070762634,
        0.6045359969139099,
        0.3112936317920685
      ],
      "meta_actor_loss": [
        -0.05206959322094917,
        -0.06155112758278847,
        -0.07390640676021576,
        -0.10072670876979828,
        -0.116991326212883,
        -0.15118467807769775,
        -0.17660856246948242,
        -0.20784616470336914,
        -0.22544795274734497,
        -0.24371352791786194,
        -0.28031840920448303,
        -0.3093637526035309,
        -0.32890111207962036,
        -0.3364982604980469,
        -0.377837598323822,
        -0.3990631699562073,
        -0.4498721957206726,
        -0.4630222022533417,
        -0.45775818824768066,
        -0.5338647365570068
      ],
      "sub_critic_losses": {
        "FPGA": [],
        "FOG_GPU": [],
        "CLOUD": []
      },
      "sub_actor_losses": {
        "FPGA": [],
        "FOG_GPU": [],
        "CLOUD": []
      },
      "episode_rewards": [
        50.0,
        50.0,
        50.0,
        50.0,
        50.0,
        50.0,
        50.0,
        50.0,
        50.0,
        50.0,
        50.0,
        50.0,
        50.0,
        50.0,
        50.0,
        50.0,
        50.0,
        50.0,
        50.0,
        50.0
      ],
      "makespans": [
        2.177502305561389,
        2.7698643582971205,
        2.7002142133345144,
        2.3904771558559372,
        2.395274714854923,
        2.561306068267659,
        2.355869077110879,
        2.754744855377777,
        2.1406636481209467,
        1.6712272538368058,
        2.475575364585728,
        2.0272048939604685,
        2.2858900737983547,
        2.406510823384454,
        1.8837953330483308,
        2.2143520019787486,
        2.071627671813014,
        2.805670946265673,
        2.4624438257251637,
        2.255888491705581
      ],
      "load_balances": [
        0.4861657557500994,
        0.5318517391353368,
        0.49167716647900805,
        0.5045058777916341,
        0.4656151908275315,
        0.5098763407511753,
        0.48933611666622234,
        0.49466971249989744,
        0.49849259682201214,
        0.4440843987556097,
        0.5002270908477353,
        0.47893345576556073,
        0.4999835867587784,
        0.47971827809215506,
        0.4819400139344534,
        0.46976749132942164,
        0.5486305731784701,
        0.5115788715642525,
        0.4822655954354308,
        0.4804051582615788
      ]
    }
  }
}