{
  "buffer_sizes": {
    "meta": 2040,
    "FPGA": 676,
    "FOG_GPU": 287,
    "CLOUD": 1077
  },
  "capacity_utilization": {
    "meta": 0.408,
    "FPGA": 0.4057623049219688,
    "FOG_GPU": 0.1722689075630252,
    "CLOUD": 0.6464585834333734
  },
  "quality_stats": {
    "total_experiences": 4080,
    "filtered_experiences": 0,
    "filter_rate": 0.0,
    "meta_avg_quality": 0.9985201121106055,
    "sub_avg_qualities": {
      "FPGA": 0.9854993207038925,
      "FOG_GPU": 0.9977225090527673,
      "CLOUD": 0.9850842660471292
    }
  },
  "sampling_stats": {
    "meta_samples": 40,
    "sub_samples": {
      "FPGA": 40,
      "FOG_GPU": 40,
      "CLOUD": 40
    },
    "quality_filtered": 0,
    "last_sample_time": 1753686335.3204172
  },
  "configuration": {
    "enable_per": 1,
    "quality_threshold": 0.08,
    "balance_sampling": 1
  }
}